epoch,train_loss,val_loss,train_dpos,train_dneg,train_viol,val_dpos,val_dneg,val_viol,recall_at_1
1,0.015188,0.000000,,,,,,,
2,0.001962,0.000000,,,,,,,
3,0.001225,0.000000,,,,,,,
4,0.000773,0.000351,,,,,,,
5,0.000379,0.000120,,,,,,,
6,0.001089,0.000000,,,,,,,
final_summary,0.001089,0.000000,,,,0.152168,1.034375,0.000000,1.000000
