epoch,train_loss,val_loss,train_dpos,train_dneg,train_viol,val_dpos,val_dneg,val_viol,recall_at_1
1,0.016160,0.000000,,,,,,,
2,0.002686,0.000000,,,,,,,
3,0.002004,0.000330,,,,,,,
4,0.000953,0.000221,,,,,,,
5,0.000098,0.000000,,,,,,,
6,0.000167,0.000000,,,,,,,
final_summary,0.000167,0.000000,,,,0.143519,1.049292,0.000000,1.000000
