epoch,train_loss,val_loss,train_dpos,train_dneg,train_viol,val_dpos,val_dneg,val_viol,recall_at_1
1,0.016051,0.000000,,,,,,,
2,0.002694,0.000000,,,,,,,
3,0.001782,0.000000,,,,,,,
4,0.001011,0.000472,,,,,,,
5,0.000835,0.000000,,,,,,,
6,0.000469,0.000000,,,,,,,
final_summary,0.000469,0.000000,,,,0.145655,1.033269,0.000000,1.000000
